{
    "MusicSelectUI": {
        "baseUISize": {
            "x": 400.0,
            "y": 150.0
        },
        "layoutCircle_center": {
            "x": 1489.0,
            "y": 390.0
        },
        "layoutCircle_endAngle": -3.742000102996826,
        "layoutCircle_radius": 582.0,
        "layoutCircle_startAngle": -2.430000066757202,
        "marginAngle": 0.30000001192092896,
        "scrollTime": 0.30000001192092896
    }
}