{
    "SpectrumFloor": {
        "areaSize": {
            "x": 33.0,
            "y": 30.0
        },
        "basePos": {
            "x": 0.0,
            "y": -7.599999904632568,
            "z": 30.799999237060547
        },
        "col": 18,
        "row": 15
    }
}