{
    "audioLatencyMs": 90.0,
    "effectVolume": 1.0,
    "masterVolume": 0.5699999928474426,
    "musicVolume": 1.0,
    "noteSpeed": 54.39999771118164
}