{
    "audioLatencyMs": 0.0,
    "effectVolume": 1.0,
    "masterVolume": 0.34285715222358704,
    "musicVolume": 1.0,
    "noteSpeed": 73.71428680419922
}