{
    "audioLatencyMs": 35.5,
    "effectVolume": 1.0,
    "masterVolume": 0.41499999165534973,
    "musicVolume": 1.0,
    "noteSpeed": 51.54999923706055
}