{
    "audioLatencyMs": 0.0,
    "effectVolume": 1.0,
    "masterVolume": 0.38999998569488525,
    "musicVolume": 1.0,
    "noteSpeed": 48.70000076293945
}