{
    "audioLatencyMs": 0.0,
    "effectVolume": 1.0,
    "masterVolume": 0.5400000214576721,
    "musicVolume": 1.0,
    "noteSpeed": 50.599998474121094
}