{
    "audioLatencyMs": 0.0,
    "effectVolume": 1.0,
    "masterVolume": 0.49714285135269165,
    "musicVolume": 1.0,
    "noteSpeed": 73.71428680419922
}