{
    "SettingMenu_back": {
        "anchor": {
            "x": 0.5,
            "y": 0.5
        },
        "color": {
            "w": 0.8901960849761963,
            "x": 0.07450980693101883,
            "y": 0.07450980693101883,
            "z": 0.07450980693101883
        },
        "isEnabled": true,
        "isVisible": true,
        "order": 100,
        "pivot": {
            "x": 0.5,
            "y": 0.5
        },
        "position": {
            "x": 640.0,
            "y": 360.0
        },
        "size": {
            "x": 600.0,
            "y": 370.0
        },
        "texturePath": "white.png"
    }
}