{
    "SettingMenu_Fullback": {
        "anchor": {
            "x": 0.5,
            "y": 0.5
        },
        "color": {
            "w": 0.4901960790157318,
            "x": 0.007722020149230957,
            "y": 0.007722020149230957,
            "z": 0.007722020149230957
        },
        "isEnabled": true,
        "isVisible": true,
        "order": 0,
        "pivot": {
            "x": 1.0,
            "y": 1.0
        },
        "position": {
            "x": 640.0,
            "y": 360.0
        },
        "size": {
            "x": 1280.0,
            "y": 720.0
        },
        "texturePath": "white.png"
    }
}