{
    "TimelineBackgroundSprite": {
        "anchor": {
            "x": 0.5,
            "y": 0.5
        },
        "color": {
            "w": 1.0,
            "x": 0.15830117464065552,
            "y": 0.15830117464065552,
            "z": 0.15830117464065552
        },
        "isEnabled": true,
        "isVisible": true,
        "order": 0,
        "pivot": {
            "x": 0.5,
            "y": 0.5
        },
        "position": {
            "x": 640.0,
            "y": 670.0
        },
        "size": {
            "x": 1280.0,
            "y": 100.0
        },
        "texturePath": "white.png"
    }
}