{
    "titleUI_background": {
        "anchor": {
            "x": 0.5,
            "y": 0.5
        },
        "color": {
            "w": 0.6745098233222961,
            "x": 0.050193071365356445,
            "y": 0.050193071365356445,
            "z": 0.050193071365356445
        },
        "isEnabled": true,
        "isVisible": true,
        "order": 0,
        "pivot": {
            "x": 0.5,
            "y": 0.5
        },
        "position": {
            "x": 640.0,
            "y": 360.0
        },
        "size": {
            "x": 1280.0,
            "y": 200.0
        },
        "texturePath": "white.png"
    }
}