{
    "title_exit": {
        "collider": {
            "parameters": {
                "localCorners": [
                    {
                        "x": -300.0,
                        "y": -100.0
                    },
                    {
                        "x": 100.0,
                        "y": -100.0
                    },
                    {
                        "x": 50.0,
                        "y": 100.0
                    },
                    {
                        "x": -300.0,
                        "y": 100.0
                    }
                ]
            },
            "transformMode": "Independent",
            "type": "Quad"
        },
        "colliderType": 4,
        "defaultColor": {
            "w": 1.0,
            "x": 0.49803921580314636,
            "y": 0.49803921580314636,
            "z": 1.0
        },
        "focusedColor": {
            "w": 1.0,
            "x": 0.49803921580314636,
            "y": 0.49803921580314636,
            "z": 1.0
        },
        "hoverColor": {
            "w": 1.0,
            "x": 0.49803921580314636,
            "y": 0.49803921580314636,
            "z": 1.0
        },
        "pressedColor": {
            "w": 1.0,
            "x": 0.49803921580314636,
            "y": 0.49803921580314636,
            "z": 1.0
        },
        "selectedColor": {
            "w": 1.0,
            "x": 0.49803921580314636,
            "y": 0.49803921580314636,
            "z": 1.0
        },
        "title_exit_anchor": {
            "x": 0.0,
            "y": 0.5
        },
        "title_exit_color": {
            "w": 1.0,
            "x": 0.49803921580314636,
            "y": 0.49803921580314636,
            "z": 1.0
        },
        "title_exit_directoryPath": "Resources/images/",
        "title_exit_isActive": 3452764417,
        "title_exit_isVisible": 164482305,
        "title_exit_label": "title_exit",
        "title_exit_order": 20,
        "title_exit_pos": {
            "x": 100.0,
            "y": 0.0
        },
        "title_exit_rotate": 0.0,
        "title_exit_size": {
            "x": 200.0,
            "y": 200.0
        },
        "title_exit_textureName": "trapezoid.png",
        "title_exitbackgroundColor": {
            "w": 1.0,
            "x": 0.800000011920929,
            "y": 0.800000011920929,
            "z": 0.800000011920929
        }
    }
}