{
    "title_exitIcon": {
        "anchor": {
            "x": 0.5,
            "y": 0.5
        },
        "color": {
            "w": 0.7843137383460999,
            "x": 0.1568627506494522,
            "y": 0.1568627506494522,
            "z": 0.1568627506494522
        },
        "isEnabled": true,
        "isVisible": true,
        "order": 83,
        "pivot": {
            "x": 0.5,
            "y": 0.5
        },
        "position": {
            "x": -30.0,
            "y": 0.0
        },
        "size": {
            "x": 100.0,
            "y": 100.0
        },
        "texturePath": "exitIcon.png"
    }
}