{
    "Title_Background": {
        "anchor": {
            "x": 0.5,
            "y": 0.5
        },
        "color": {
            "w": 1.0,
            "x": 0.06563705205917358,
            "y": 0.06563705205917358,
            "z": 0.06563705205917358
        },
        "isEnabled": true,
        "isVisible": true,
        "order": 0,
        "pivot": {
            "x": 0.5,
            "y": 0.5
        },
        "position": {
            "x": 640.0,
            "y": 360.0
        },
        "size": {
            "x": 1280.0,
            "y": 720.0
        },
        "texturePath": "title_back.png"
    }
}